{"initial_reset_timestamp": 1587036447.7546766, "timestamps": [1587036448.2744453, 1587036448.6649485, 1587036448.7522054, 1587036448.7522054, 1587036448.7522054, 1587036448.7561765, 1587036448.7561765, 1587036448.7601879, 1587036449.0945024, 1587036449.1725783, 1587036449.1725783, 1587036449.1725783, 1587036449.1725783, 1587036449.1725783, 1587036449.1882143, 1587036449.1882143, 1587036449.1882143, 1587036449.1882143, 1587036449.1882143, 1587036449.1882143, 1587036449.1882143, 1587036449.1882143, 1587036449.1882143, 1587036449.1882143, 1587036449.1882143], "episode_lengths": [15, 11, 19, 15, 21, 35, 25, 11, 10, 17, 12, 17, 13, 19, 43, 15, 12, 17, 25, 22, 47, 28, 22, 16, 15], "episode_rewards": [15.0, 11.0, 19.0, 15.0, 21.0, 35.0, 25.0, 11.0, 10.0, 17.0, 12.0, 17.0, 13.0, 19.0, 43.0, 15.0, 12.0, 17.0, 25.0, 22.0, 47.0, 28.0, 22.0, 16.0, 15.0], "episode_types": ["t", "t", "t", "t", "t", "t", "t", "t", "t", "t", "t", "t", "t", "t", "t", "t", "t", "t", "t", "t", "t", "t", "t", "t", "t"]}